CALIFA_name,RA,DEC,Vlsr,Final_QS,Final_NA,Final_flag_QS,Final_flag_NA,Archive_HI?
2MASSXJ22532475,343.353174258808,4.79951056351426,7350.357507551282,SF,nonA,1,S,N
2MASXJ01331766+1319567,23.3237353572048,13.3324282762911,2693.335767725673,SF,nonA,1,S,Y
2MASXJ08374557,129.441689522516,49.4779881662374,15288.489812780681,SF,nonA,1,S,N
2MASXJ09065870,136.744555258512,20.7863461387406,23963.854082804482,MX,nonA,2,S,N
2MASXJ09591230,149.801167554749,-9.00252295190642,9790.799679184702,fR,nonA,3,U,N
2MASXJ12095669,182.48770270963,47.0960271778437,9382.278521388973,nR,nonA,3,U,N
2MASXJ15024995+4847010-2,225.710625187868,48.7837775687996,7647.733290097943,SF,nonA,1,S,N
2MASXJ15570268+3725001,239.262108237487,37.4167278809539,9307.96498523468,nR,nonA,3,U,N
2MASXJ16152860,243.868934343648,19.2260939889689,9687.81006800027,SF,nonA,1,S,N
ARP118,43.794992607641,-0.179958964196501,8301.51810196398,MX,nonA,2,S,Y
ARP180,73.3523736721931,-4.79281030209745,4185.983107147741,MX,nonA,2,U,N
ARP220,233.739023856285,23.5036884217683,5442.300810588924,MX,sAGN,1,S,Y
ASAS14my,174.626003332435,-8.97621711581757,6178.7973795135695,SF,nonA,1,S,N
ASAS15cb,189.959305785863,3.79687277569156,11920.652137272937,SF,nonA,1,S,N
ASAS15cd,149.811594368548,12.9878853937134,10265.888199410672,SF,sAGN,1,S,N
ASAS15db,236.744805120197,17.8844853149937,3269.8849330407584,SF,nonA,1,S,Y
ASAS15dd,235.995245832429,19.2115906089904,7300.544218705762,fR,nonA,2,S,N
ASASSN-14in,276.122990762668,52.4439463378343,9178.30254516068,SF,nonA,1,S,N
ASASSN15fj,257.535657332429,74.7286550427014,12622.144820848112,fR,nonA,3,U,N
ASASSN15fs,284.669898149167,43.4685590323187,8675.380604511005,SF,nonA,2,S,N
Arp141,108.58522400643,73.4805382134916,2725.6273318633043,MX,nonA,2,S,Y
Arp141_b,108.585692932808,73.4740182181467,2732.428993350935,MX,wAGN,2,U,N
Arp143,116.728010244029,39.0151587341856,3925.8226306985866,SF,nonA,1,S,Y
Arp148,165.975231636293,40.8500430678279,10478.876377584062,SF,nonA,1,S,N
Arp70,20.8676120480214,30.7844764583635,10446.34840852034,SF,wAGN,1,S,Y
BKD2008WR209,159.690980625559,53.5029203193307,953.49792769433,SF,nonA,1,S,Y
BKD2008WR346,36.6178089149218,1.1605206950304,1455.9657617286186,SF,nonA,2,S,N
CGCG004035,127.074857447879,0.289235402110216,8998.935188571231,cQ,nonA,1,S,N
CGCG008-023,150.299347654996,0.329077377111678,10304.20260322921,SF,nonA,1,S,N
CGCG163-062,217.298660276734,30.0773674228571,4306.69889503955,SF,nonA,1,S,Y
CGCG229-009,284.514829392611,43.9351350144804,8421.75447337006,SF,nonA,2,S,N
CGCG229-010_comb,284.669886101435,43.4685798581732,8719.81411161648,SF,nonA,2,S,N
CGCG242-073,175.197280027654,46.5405728780359,16044.135596504191,nR,nonA,1,S,N
CGCG251-041,250.789446778343,45.8457496567362,5294.169727908648,MX,nonA,2,S,N
CGCG429-012,339.207673858386,14.386998803458,5244.168755623034,fR,nonA,2,S,Y
CGCG452-052AF1,340.482421732874,20.2616619009136,6966.57099880838,SF,nonA,1,U,Y
CGCG452-052B1,340.493062154472,20.2724135698647,7304.647306236117,SF,nonA,1,S,N
CGCG476117,355.65954752663,27.0917128507683,7426.053443705811,SF,nonA,1,S,Y
CGCG536-030,20.2885534317854,40.4707429759085,5978.357525480232,SF,nonA,1,S,N
CGCG97026,174.226192988231,19.9712700620837,6228.896749859866,SF,nonA,1,S,Y
CGCG97027,174.225984651522,19.9973123933106,6599.784866777916,SF,nonA,1,S,Y
CGCG97041_comb,174.852100233511,19.5347384275673,6770.367389509033,cQ,nonA,1,S,Y
CGCG97062_comb,175.561509677986,19.9766741951831,7754.31638799749,SF,nonA,1,S,N
CGCG97063_comb,175.565075820431,20.0488201144839,6162.8625324042805,SF,nonA,1,S,N
CGCG97068,175.602052712587,20.1192380212868,5978.967569278767,SF,nonA,1,S,N
CGCG97072_comb,175.686249207887,20.0363071324439,6302.121163528441,SF,nonA,2,S,Y
CGCG97079,175.80554087557,20.0049109363116,6950.218414834163,SF,nonA,1,S,N
CGCG97120_comb,176.204743738665,19.7951664651693,5627.416110223738,nR,nonA,2,S,N
CGCG97121,176.196037091377,20.1250728965391,6548.735426170471,MX,wAGN,2,U,Y
CSP13N,144.967143576838,16.9177290546553,14226.44865618614,SF,nonA,1,S,N
CSP14acx,359.025581785384,29.3780113751642,6889.304125456743,SF,nonA,1,S,Y
CSS140501,256.054338144534,17.8155681688207,23901.428089738063,SF,nonA,1,S,N
CygA,299.868232955025,40.733907678892,16739.379424491406,MX,sAGN,2,S,N
ESO539-G014,7.86740007903451,-19.7610287201669,7059.997380584977,SF,nonA,1,S,Y
ESO540-G003,8.91436951880869,-20.1253034509618,3303.637124150751,cQ,nonA,1,S,Y
FGC1287a,175.553233822594,20.0226324328724,7713.263650639242,SF,nonA,1,S,N
FGC1287b,175.553256102601,20.0116429057677,7776.096854767566,SF,nonA,1,S,N
FGC175A,191.603459248782,11.9495171208154,13584.959883397123,SF,nonA,1,S,N
GIN010,10.7278003863099,-9.23034402450214,22787.16364345792,QnR,nonA,3,S,N
IC0159,26.6042072628112,-8.6366318317108,3865.2906439111584,SF,nonA,1,S,Y
IC0208,32.1156408156341,6.39516832318943,3419.1884260649003,cQ,nonA,1,S,Y
IC0307,48.4381527396819,-0.241371033036355,7712.121244695955,SF,nonA,1,S,Y
IC0480,118.846769138056,26.7425475998451,4554.462964478768,SF,nonA,1,S,Y
IC0485,120.082428640483,26.701505726249,8239.931599588868,SF,sAGN,1,U,Y
IC0540,142.542989828592,7.90268372409141,2004.1649047048913,MX,sAGN,2,S,Y
IC0674,167.776578846333,43.633064563274,7500.394926800339,cQ,nonA,1,S,Y
IC0776,184.763644492669,8.85643060848054,2503.1880054328212,SF,nonA,1,S,Y
IC0781,185.013683316438,14.9615280628834,1364.2490623251385,MX,nonA,3,S,N
IC0851,197.142912043394,21.0498239784048,2695.4349863487078,SF,nonA,1,S,Y
IC0944,207.878808064883,14.0925130377284,6952.45842628079,MX,nonA,2,S,Y
IC0994,214.594261932829,11.1951391608879,7342.663632213097,fR,nonA,2,S,N
IC0995,214.129586825335,57.8101277331283,3119.6349808020304,SF,nonA,1,S,N
IC10,5.07964438713622,59.2932151096113,224.51737844255553,nR,nonA,1,S,Y
IC1014,217.076777318638,13.7801979176598,1245.173001333451,SF,nonA,1,S,Y
IC1078,224.120777039775,9.354408390344,8612.748520776242,cQ,nonA,1,S,Y
IC1079,224.150577803319,9.36979337802902,8727.336189121334,nR,nonA,1,U,N
IC1151,239.634833409687,17.4413820229056,2165.0507230046587,SF,nonA,1,S,Y
IC1199,242.643085571267,10.0403557371223,4701.787108653602,SF,nonA,1,S,Y
IC1256,260.946949028289,26.4865352105776,4711.203978326586,SF,nonA,1,S,Y
IC1481,349.854735495652,5.9060127620191,6085.8967019127995,SF,nonA,1,S,Y
IC1528,1.27229170264657,-7.09341843948874,3751.5189913967406,SF,nonA,1,S,Y
IC1602,13.9661409414842,-9.98560326278022,16399.436984213065,MX,nonA,2,S,N
IC1652,18.7343639787782,31.9485113193901,5012.648459767623,fR,nonA,2,S,N
IC1683,20.6620911489823,34.4372151922988,4809.551512824163,MX,nonA,2,S,Y
IC1689,20.9494178750089,33.0554223534689,4522.970151183538,nR,nonA,2,U,N
IC1755,29.290767321221,14.5500005060172,7827.191256894124,MX,nonA,2,S,Y
IC2095,72.1907818227607,-5.12495621893176,2862.0930898588904,SF,nonA,1,S,N
IC2098,72.6843960698738,-5.41863408148562,2785.416016979023,SF,nonA,1,S,Y
IC2101,72.9249827008123,-6.23063391518329,4469.610626229512,SF,nonA,1,S,Y
IC2247,123.996129804637,23.1997217138154,4261.89984236716,SF,sAGN,1,S,Y
IC2341,125.922630856112,21.434882193337,5071.7954469882025,fR,nonA,2,S,N
IC2361,126.435205638247,27.8745688656275,2104.0498170973037,MX,nonA,2,S,Y
IC2373,126.704228794249,20.3645531529347,7435.627369460204,SF,nonA,1,S,Y
IC2378,127.131616831087,30.4317182753608,14978.39675658824,nR,nonA,2,S,N
IC2402,131.995990405812,31.7856941646611,20141.090933037205,nR,wAGN,2,U,N
IC2407,132.038172918855,17.61162138047,6060.072269297354,MX,nonA,2,S,Y
IC2481,141.870075396147,3.9296571829564,5290.1627700397075,SF,nonA,1,S,Y
IC2487,142.538169702515,20.0906910726683,4283.727607801063,SF,nonA,1,S,Y
IC2604,162.354442710225,32.7726349634736,1570.524209488812,SF,nonA,1,U,Y
IC3065,183.802307920105,14.4329074681894,963.4538251023295,nR,nonA,2,U,N
IC3328,186.491338967108,10.0538160567122,985.4388126006248,fR,nonA,1,S,N
IC342,56.7021728654564,68.0962823497434,358.68953647916953,SF,nonA,1,S,Y
IC3586,189.228574135419,12.5202024175981,1618.218164232519,MX,nonA,2,S,N
IC3598,189.337796893284,28.2082433551173,7647.728718744284,MX,nonA,1,S,Y
IC3631,189.950087862013,12.9740077203603,2877.7743499142757,fR,nonA,2,S,N
IC3652,190.243957200779,11.1845162570263,544.8934844112658,nR,nonA,2,S,N
IC391,74.3381615673961,78.1904545310202,1471.5942170174433,SF,nonA,1,S,Y
IC3918,194.223064373382,22.3736637201867,6563.86458135758,SF,nonA,1,S,Y
IC4215,199.069996329308,25.4054958271588,3883.7518097493157,MX,sAGN,2,S,Y
IC4526,225.659236057988,23.350362058567,13717.62483067328,SF,nonA,1,S,Y
IC4534,226.674020541444,23.6419311179143,4878.213530738424,fR,nonA,2,S,N
IC4566,234.175617093058,43.5395966019593,5602.700579873709,MX,nonA,2,S,Y
IC4582,236.414327650712,28.088894150842,2165.9178312449426,SF,nonA,1,S,Y
IC5309,349.798427842685,8.10939412465277,4064.890123810533,SF,nonA,1,S,Y
IC5376,0.332522245261753,34.5257090153969,5051.4611684145,cQ,nonA,1,S,Y
IC701,172.752773858994,20.4690639519745,6091.649226861894,SF,nonA,1,S,N
IZw45,193.277191665942,36.8188187306252,8315.42702415207,SF,nonA,1,S,N
IZw45_b,193.274801254606,36.826551525078,8231.959130257406,SF,nonA,1,S,N
KUG1349+143,207.887255118138,14.1109197511225,7371.921019657574,MX,nonA,1,S,N
LSBCF560-04,116.577480032589,18.3686915218015,15725.642113406371,nR,nonA,2,S,N
LSQ12gef,25.1404733536125,18.511289061038,19386.51698989587,cQ,nonA,1,S,N
LSQ13vy,241.73111644347,3.00116777488032,12439.220919248542,SF,nonA,1,S,N
LSQ14Q,133.488366070437,17.3285745727076,19855.300016673333,SF,nonA,1,S,N
LSQ14azy,168.145328393945,12.0724004304482,13777.269249786028,SF,nonA,1,S,N
LSQ15aae,247.562806416474,5.93104134587237,15466.841090387848,SF,nonA,1,S,N
LSQ15agh,163.225942287399,23.5976779303427,17950.532921565697,SF,nonA,1,S,N
M64SE,194.180168499104,21.6822260260559,419.0993954182615,MX,nonA,2,S,Y
MCG+05-30-111,193.067567721936,27.5331457616134,5396.578641841675,SF,nonA,1,S,Y
MCG+07-17-002,118.934721256387,41.2041539524052,22265.84039107008,MX,nonA,2,S,N
MCG+08-19-17,154.741868646186,46.4542671067082,8830.185270578628,SF,nonA,1,S,N
MCG+08-36-16,300.707712998928,49.3197504084117,6832.639413937441,nR,nonA,1,S,N
MCG+09-18-064,164.94168406345,53.8036642093956,21225.393239333665,MX,nonA,2,S,N
MCG+09-22-53,200.635426534616,54.8181686427644,3518.5014384453266,SF,nonA,1,S,N
MCG+10-17-007,172.572382544101,58.133926876197,1392.4641789057691,SF,nonA,2,U,Y
MCG-01-01-012,359.794876786575,-4.19152648806127,5636.564341779923,MX,nonA,2,S,Y
MCG-01-09-006,47.2011550544148,-7.04051146278898,8649.72010266827,SF,nonA,1,S,N
MCG-01-10-015,54.6630177291192,-5.34734946646504,4004.532924696563,SF,nonA,1,S,N
MCG-01-10-019,55.1790714333339,-6.41503306601332,5216.146331327428,SF,nonA,1,S,Y
MCG-01-33-007,191.909199051251,-5.86729168857189,1299.6716994886865,nR,nonA,2,S,N
MCG-01-52-012,309.458213998451,-6.0907691339993,3820.636574331309,nR,nonA,2,S,N
MCG-01-54-016,321.499611668035,-3.80945901572351,2919.813692584843,SF,nonA,1,S,Y
MCG-02-02-030,7.53057160932378,-11.1136294696163,3526.6811021079952,QnR,sAGN,1,U,Y
MCG-02-02-040,7.89869834660541,-10.5062583340231,3404.494853272542,SF,nonA,1,S,Y
MCG-02-02-086,10.4602826745851,-9.30313145190793,16640.039691886235,MX,nonA,1,S,N
MCG-02-03-015,11.9434530685399,-9.83502893449012,5724.4611823020405,MX,nonA,2,S,Y
MCG-02-06-016,30.2291312756213,-8.84081576330549,1566.638196560597,SF,nonA,2,U,N
MCG-02-08-014,43.0973825700588,-8.51052000553891,5014.596827257228,MX,wAGN,1,S,N
MCG-02-51-004,303.916164282165,-13.6221519057834,5635.5024069918,SF,nonA,1,S,Y
MCG0258008,341.551530390741,10.5571481615243,11727.94755560085,MX,nonA,1,S,N
MGC+07-05-39,35.1456727823324,41.5737859253978,6521.547193907946,SF,nonA,1,S,N
MGC+08-01-03,358.047251387764,47.3955933853575,5279.92400835676,SF,nonA,1,S,Y
MGC+08-10-07,82.1865139131103,49.8832253823808,6878.115833414698,SF,nonA,1,S,N
MGC+11-08-25,93.9544627463127,66.839423217477,3930.123931323642,SF,nonA,1,S,Y
MGC+11-10-34,117.892329938557,63.9283334517565,7373.367510531976,SF,nonA,2,S,N
Mrk1418,145.11250786453,48.3375382942583,671.2344063146649,SF,nonA,1,S,Y
Mrk1423,145.756820951134,58.9735911958957,1307.2498366095338,MX,nonA,2,S,N
NGC0001,1.81603449430832,27.7082601438207,4490.977884850557,SF,nonA,1,S,Y
NGC0014,2.19237973734514,15.8157534614276,841.3687138202451,MX,nonA,2,S,Y
NGC0023,2.47248540110747,25.9237502067827,4546.803108043908,SF,nonA,1,S,Y
NGC0036,2.84261620540155,6.38949671735349,5977.178310024988,cQ,nonA,1,S,Y
NGC0155,8.66698571965947,-10.7664614669042,6151.887337202734,fR,nonA,1,S,N
NGC0160,9.01695184063124,23.9580107818506,5238.593993685525,MX,nonA,2,S,Y
NGC0165,9.12040531718143,-10.1061229142864,5864.477734548256,SF,nonA,1,S,N
NGC0169,9.21552152037079,23.9903881227702,4596.716225885318,MX,wAGN,2,U,Y
NGC0171,9.3398224651703,-19.9342095621247,3821.777698948568,cQ,nonA,1,S,Y
NGC0177,9.39310663884326,-22.5491962705577,3666.4385327702134,QnR,wAGN,2,U,Y
NGC0180,9.49030789330793,8.63516466892532,5219.880016074691,QnR,nonA,1,S,Y
NGC0192,9.80595915596437,0.864065968515519,4139.669779985983,MX,nonA,1,U,Y
NGC0197,9.82820597239755,0.891992312835426,3602.6140858074646,SF,nonA,2,S,Y
NGC0214,10.3666264063285,25.4994871851931,4432.352345005133,SF,wAGN,1,S,Y
NGC0216,10.3630732242499,-21.0453123753141,1508.9539076335905,SF,nonA,1,S,Y
NGC0217,10.3909904809041,-10.0215913303906,3888.136645691578,MX,nonA,1,S,Y
NGC0234,10.8849219738679,14.3425089983274,4391.2489904842205,SF,nonA,1,S,Y
NGC0237,10.8659429259327,-0.125065718922436,4097.649823452793,SF,nonA,1,S,Y
NGC0257,12.0062155266467,8.29702744493901,5266.3068223134305,SF,nonA,1,S,Y
NGC0309,14.1774735778219,-9.91393032294867,5648.323128162546,QnR,nonA,1,S,Y
NGC0364,16.1700793850139,-0.802670615661607,5092.184696780266,fR,nonA,1,S,N
NGC0384,16.8542491550394,32.292798892788,4194.99671613854,nR,nonA,1,S,N
NGC0426,18.2024882917534,-0.290107994515065,5229.646418773756,nR,nonA,2,S,N
NGC0429,18.2392490965931,-0.344923561300966,5688.921948291184,fR,nonA,2,S,N
NGC0444,18.9563555927634,31.0809166864423,4810.845960456109,SF,nonA,1,S,Y
NGC0447,18.9066208810842,33.0676976457439,5546.8439742944765,nR,nonA,1,U,Y
NGC0477,20.3346107874999,40.4881852426826,5908.670605045247,SF,nonA,1,S,Y
NGC0495,20.7330366367175,33.4714433803709,4052.5563188636906,nR,nonA,1,S,N
NGC0496,20.7980876240012,33.5292422684973,6001.437457704258,SF,nonA,1,S,Y
NGC0499,20.7977509175366,33.460231579636,4380.8957373768,fR,nonA,1,S,N
NGC0504,20.8661033029978,33.2043850798987,4142.135812939761,fR,nonA,1,S,N
NGC0507,20.9163431433083,33.2560034070633,4894.783674112882,fR,nonA,1,S,N
NGC0508,20.9189197771644,33.2807155244716,5464.663705846269,nR,nonA,1,S,N
NGC0515,21.1598626089513,33.4732892161335,5058.84180642233,nR,nonA,1,S,N
NGC0517,21.1824043998827,33.4296886597675,4088.799663306993,fR,nonA,1,S,N
NGC0523,21.3352169983346,34.0249534172897,4730.2424779113335,SF,nonA,1,S,Y
NGC0528,21.3898048874477,33.6714879544081,4742.34468951748,nR,nonA,1,U,Y
NGC0529,21.4177199309641,34.7130395695579,4743.270966065252,fR,nonA,1,S,N
NGC0548,21.5103884733183,-1.2255718809673,5342.241291575605,MX,nonA,2,S,N
NGC0551,21.9189672628041,37.1829445804018,5146.134652532493,QnR,nonA,1,S,Y
NGC0570,22.2442719569424,-0.948951769489993,5516.520742144373,nR,nonA,2,S,N
NGC0647,24.9840775467535,-9.24232697881527,12624.01227342738,nR,nonA,2,U,N
NGC0675,27.2858498914995,13.0597613786385,5250.641737878326,nR,nonA,2,S,Y
NGC0677,27.3084895218691,13.0554258109208,5077.893726392476,QnR,nonA,2,U,Y
NGC0681,27.2951254971785,-10.4270002088913,1695.3035849206042,MX,wAGN,2,U,Y
NGC0693,27.6290967731386,6.14496833311496,1486.1817579845895,SF,nonA,1,S,Y
NGC0716,28.24837343367,12.7084721192585,4470.4947719296515,SF,nonA,1,S,Y
NGC0731,28.7340828073939,-9.01071759677786,3873.4859864706427,fR,nonA,1,S,N
NGC0741,29.0875090396882,5.62897565155776,5517.911461400183,fR,nonA,1,S,N
NGC0755,29.0933323738031,-9.06213773814539,1588.016784576198,SF,nonA,1,S,Y
NGC0768,29.6703295744306,0.529669126005879,6912.312914485137,SF,nonA,1,S,Y
NGC0774,29.8946492146496,14.0082374270402,4552.526993436904,nR,nonA,1,S,N
NGC0776,29.9771103570962,23.6444097658785,4860.6840442586745,SF,nonA,1,S,Y
NGC0781,30.0373237701706,12.6561580746991,3370.3165132720605,fR,nonA,2,S,N
NGC0787,30.2024853319434,-9.00236383108327,4734.1083887535015,MX,nonA,2,S,N
NGC0810,31.3692195337879,13.2514866991319,7728.461876258024,nR,nonA,1,U,N
NGC0825,32.1345059180393,6.32392178097212,3303.219729185539,MX,nonA,1,S,Y
NGC0833,32.3368534808069,-10.132971736143,3796.267361789783,MX,nonA,2,S,Y
NGC0835,32.3522930016022,-10.1357399390944,3972.532583021813,MX,sAGN,2,U,Y
NGC0842,32.4616105782344,-7.76240695563411,3829.729844420451,fR,nonA,1,S,N
NGC0873,34.1345121554189,-11.3487342350828,3996.4398227667475,SF,nonA,1,S,Y
NGC0924,36.6950679559394,20.4975997207148,4422.955296085087,nR,nonA,2,S,Y
NGC0932,36.9778708747915,20.3325205206898,4062.4799326101797,nR,nonA,2,S,Y
NGC0938,37.1396246145832,20.2837531712558,4027.234114409814,fR,nonA,1,S,Y
NGC0941,37.1162163074151,-1.15126536862907,1557.5812345544691,SF,nonA,1,S,Y
NGC0955,37.6382834895237,-1.1086090674075,1452.999027858636,nR,nonA,2,S,Y
NGC0962,38.1658268584186,28.0700697883388,4574.449318134852,fR,nonA,1,S,N
NGC0976,38.4999395742445,20.9767162922231,4156.6907091729545,cQ,nonA,2,S,Y
NGC0991,38.886148360759,-7.15443437137682,1470.9608886114877,cQ,nonA,2,S,Y
NGC1026,39.8300121229618,6.54401741184434,4144.857063351839,fR,nonA,1,S,N
NGC1041,40.1050240504239,-5.44047407137313,7045.003114389163,fR,nonA,1,S,N
NGC1056,40.7016504844605,28.5741179328416,1535.3919216432744,SF,nonA,1,S,Y
NGC1060,40.812663834221,32.4249307134457,5137.605613771362,fR,nonA,1,S,N
NGC1070,40.8424942327057,4.96838105970496,4041.481852398087,QnR,wAGN,1,U,Y
NGC1093,42.0669956281456,34.4198483140532,5216.581656247444,QnR,wAGN,1,S,Y
NGC1094,41.8658684830331,-0.285136382200613,6401.070381449614,cQ,nonA,1,S,Y
NGC1132,43.2159130517201,-1.27468008339769,6929.207949447915,fR,nonA,1,S,N
NGC1142,43.8000114034719,-0.183345843757336,8649.596304256525,SF,sAGN,1,S,N
NGC1167,45.4263335858327,35.2056148011658,4914.184990338564,nR,sAGN,1,U,Y
NGC1211,46.71839219387,-0.794366151131256,3198.7478536926064,fR,nonA,1,S,Y
NGC1259,49.3219419859941,41.3853977882152,5803.604897460787,MX,nonA,3,S,N
NGC1260,49.3632122178274,41.4052321283546,5836.134970556708,nR,nonA,1,S,N
NGC1324,51.257246329786,-5.74553960460409,5629.48465505701,cQ,nonA,1,S,Y
NGC1349,52.8645993148467,4.38090812531719,6527.947807791514,MX,nonA,2,S,Y
NGC1361,53.5738549977168,-6.26496738766118,5243.504252923563,fR,nonA,2,S,N
NGC1542,64.3090548870312,4.78166876548961,3685.0741757852215,MX,nonA,2,S,Y
NGC1590,67.7928581438855,7.63095576114602,3758.2592215679433,SF,nonA,1,S,N
NGC1645,71.0265653770987,-5.46554925232018,4789.196809281103,cQ,nonA,2,S,Y
NGC1656,71.4723006076974,-5.13643327785777,3696.241981935634,fR,nonA,1,S,N
NGC1659,71.6246125945154,-4.78922259379097,4561.0123719705125,SF,nonA,1,S,Y
NGC1665,72.0710552463369,-5.4276711657408,2703.502292207845,nR,nonA,1,S,N
NGC1666,72.1368037118718,-6.56995841728661,2727.2697917396245,nR,nonA,1,S,N
NGC1667,72.1545648373229,-6.31995973048168,4495.498358039177,SF,sAGN,1,S,Y
NGC1677,72.7170101138603,-4.89266510882181,2739.118462173076,SF,nonA,1,S,N
NGC2253,100.924441704228,65.2062259127476,3524.905717033736,SF,nonA,1,S,Y
NGC2315,105.637776955497,50.5906847893349,6130.057357020206,nR,nonA,2,S,N
NGC2333,107.088771689051,35.1699978986729,4653.387845451891,SF,nonA,1,S,Y
NGC2347,109.017194199732,64.7114219870555,4369.9518168449895,SF,nonA,1,S,Y
NGC2410,113.759555541223,32.8220305881863,4666.431691241595,SF,sAGN,1,S,Y
NGC2431,116.305950508295,53.0752554323212,5480.228028814853,MX,nonA,2,S,N
NGC2445,116.729384914671,39.015105902248,3898.371144395534,SF,nonA,1,S,Y
NGC2449,116.834551615281,26.9303110708267,4866.583083272032,MX,nonA,2,S,Y
NGC2476,119.188220390928,39.9279561930263,3650.557963641234,fR,nonA,1,S,N
NGC2480,119.293667240546,23.7795352984981,2321.476791079866,SF,nonA,1,S,Y
NGC2481,119.30719939575,23.7677551035448,2202.0345500504413,nR,nonA,2,S,Y
NGC2484,119.617085419562,37.7866808725994,12213.218224270033,nR,nonA,2,U,N
NGC2486,119.485232577998,25.1608611902847,4575.742661283129,MX,nonA,2,U,Y
NGC2487,119.58536580798,25.1493235062843,4841.9781043015055,cQ,nonA,1,S,Y
NGC2507,120.404853388812,15.710140674413,4516.249565711917,nR,nonA,2,S,N
NGC2513,120.602737018776,9.41360838117994,4681.010235935362,fR,nonA,1,S,Y
NGC2522,121.555876804758,17.7066127693037,4658.110606956843,fR,nonA,1,S,N
NGC2526,121.744108403672,8.0040551510207,4524.864194390052,SF,nonA,1,S,Y
NGC2530,121.981903118134,17.8183768661998,4945.691995038342,SF,nonA,1,S,Y
NGC2540,123.193502775352,26.3618482746308,6236.115030450616,SF,nonA,1,S,Y
NGC2543,123.240856899647,36.2545153835383,2427.448067389436,QnR,nonA,1,S,N
NGC2553,124.395807857168,20.9031066207742,4640.459916175488,fR,nonA,1,S,N
NGC2554,124.473102307978,23.4722020451336,4042.0957262000816,nR,wAGN,1,S,Y
NGC2558,124.803181956111,20.5107835896649,4941.896196595162,cQ,nonA,1,S,Y
NGC2565,124.951236337171,22.0315579681307,3484.788659599202,cQ,nonA,1,S,Y
NGC2572,125.352669034737,19.1478618354388,7905.981714567653,MX,nonA,1,S,Y
NGC2577,125.680980443864,22.5531424924129,2017.5091342706037,MX,nonA,3,S,N
NGC2592,126.783530741739,25.9703523407577,1917.379443617589,fR,nonA,1,S,N
NGC2595,126.924944612067,21.4790891711328,4224.69623990405,QnR,nonA,1,S,Y
NGC2596,126.86026726448,17.2839965839496,5913.762849728873,SF,nonA,1,S,Y
NGC2604,128.345225091705,29.5381750334049,2073.8776064871045,SF,nonA,1,S,Y
NGC2623,129.600199325556,25.7542520179697,5492.3175627208575,MX,sAGN,2,S,Y
NGC2638,130.607290166584,37.2209266509067,3804.5435244882265,QnR,wAGN,2,U,N
NGC2639,130.908355779476,50.2054863465893,3150.904190710783,MX,sAGN,2,S,Y
NGC2691,133.693092108518,39.5388010853923,3940.278811959325,SF,nonA,2,S,Y
NGC2730,135.565891773796,16.8390485429564,3753.466979647542,SF,nonA,1,S,Y
NGC2748,138.429109283843,76.4756190656913,1447.1947500662707,SF,nonA,1,S,Y
NGC2765,136.902590282307,3.3929942774415,3738.9633228205694,fR,nonA,1,S,N
NGC2771,137.665265202897,50.3798996008259,5098.531876105958,cQ,nonA,2,S,N
NGC2780,138.184876090095,34.9257338112478,1974.415782483422,SF,nonA,1,S,N
NGC2787,139.827424829032,69.2033840292439,681.4726613625586,nR,wAGN,2,U,N
NGC2793,139.196615197424,34.4303622123708,1700.0906523696995,SF,nonA,1,S,Y
NGC2805,140.084925567693,64.1030175133859,1716.0019073875944,SF,nonA,1,S,Y
NGC2880,142.393987761997,62.4906238270784,1548.8834178989553,fR,nonA,1,S,Y
NGC2906,143.025901539465,8.44174261308674,2133.76165095425,cQ,nonA,2,S,Y
NGC2916,143.740152505559,21.7055043437564,3658.968748920733,cQ,nonA,1,S,Y
NGC2918,143.933469811398,31.7055564549942,6715.161248259848,fR,nonA,1,S,N
NGC2926,144.379367101635,32.8413877738012,4251.375272894855,SF,nonA,1,S,Y
NGC3021,147.738032626731,33.5537742578754,1502.0307122976853,SF,nonA,1,S,Y
NGC3057,151.416623334872,80.2849919983981,1491.303773420083,SF,nonA,1,S,Y
NGC3106,151.021839630317,31.1854998959873,6197.752715086664,MX,wAGN,2,U,Y
NGC3158,153.460483326608,38.764915792303,6922.889364846313,fR,nonA,1,S,Y
NGC3160,153.479564870248,38.8429402964862,6824.7740033597465,nR,sAGN,2,S,N
NGC3182,154.887500108354,58.2057374187261,2094.476034838024,nR,nonA,2,S,Y
NGC3220,155.936194067245,57.0269455742891,1158.5896086707787,SF,nonA,1,S,Y
NGC3300,159.16011929911,14.1711466453901,3009.7204374470716,fR,nonA,1,S,N
NGC3303,159.249679767107,18.1364199351801,6180.78124038407,SF,nonA,2,S,Y
NGC3323,159.912600986683,25.3227744431893,5153.347147760107,SF,nonA,1,S,Y
NGC3353,161.34305077229,55.9603303837031,980.4955889582759,SF,nonA,1,S,N
NGC3381,162.103991010243,34.7114931920619,1611.4369490714132,SF,nonA,1,S,Y
NGC3395,162.458793215694,32.9828979952816,1575.770884816181,SF,nonA,1,S,Y
NGC3396,162.48030417806,32.9906781312939,1716.1262322605505,SF,nonA,1,S,Y
NGC3406NED01,162.931799109433,51.0221787107493,7412.80974317592,nR,nonA,1,S,N
NGC3451,163.58738263652,27.2394918122895,1318.8171323434972,SF,nonA,1,S,Y
NGC3499,165.795848021987,56.2216903499226,1489.6099299149082,nR,nonA,2,S,N
NGC3600,168.966732026953,41.5910882745355,699.169687769034,SF,nonA,1,S,N
NGC3605,169.194091307392,18.0171611688319,616.2626458770475,MX,nonA,3,S,N
NGC3610,169.605298317821,58.7861784206947,1697.4840804369421,fR,nonA,1,S,N
NGC3614,169.588845325727,45.7479826415119,2313.397902727385,QnR,nonA,1,S,Y
NGC3615,169.527701590485,23.3973689859264,6599.301958778365,fR,nonA,1,S,N
NGC3619,169.839821455509,57.7581169259345,1558.3682851078656,nR,nonA,2,S,Y
NGC3687,172.002514813693,29.5110744843312,2510.4554206691196,cQ,nonA,1,S,Y
NGC3773,174.553991236898,12.112284825201,1113.9333989721958,SF,nonA,1,S,Y
NGC3811,175.319362780456,47.6907862897896,3107.339721249437,QnR,nonA,1,S,Y
NGC3815,175.41372896971,24.8004226864406,3700.7039971465606,SF,nonA,1,S,Y
NGC3842,176.008935111865,19.9498521664183,6231.694641759412,nR,nonA,1,S,Y
NGC3847,176.058219468426,33.5145363472845,9539.326880076775,fR,nonA,1,S,N
NGC3893,177.15918317998,48.7107582585244,962.7396030111615,SF,nonA,1,S,Y
NGC3896,177.234804295034,48.6746657627234,888.1301675287525,MX,nonA,2,S,Y
NGC3905,177.27071027348,-9.72972338879089,5721.247230711491,QnR,sAGN,1,U,Y
NGC3913,177.662185284093,55.35403276376,856.1668849644382,SF,nonA,1,S,Y
NGC3945,178.306954504185,60.675775843746,1291.9146390410651,fR,nonA,1,S,N
NGC3991,179.381696324228,32.3406152045392,3259.966934729145,SF,nonA,1,S,Y
NGC3994,179.403536505979,32.2775290529929,3141.4434158990507,SF,nonA,1,S,Y
NGC4003,179.495962199597,23.1249269530408,6545.339220963427,nR,nonA,2,S,Y
NGC4037,180.348584938516,13.4010896123667,912.1490755773078,SF,nonA,1,S,Y
NGC4047,180.711145126186,48.6361564340854,3384.048828940969,SF,nonA,1,S,Y
NGC4149,182.636918177269,58.3038946895423,3077.103236594844,MX,nonA,2,S,Y
NGC4185,183.342599548833,28.5109113833389,3843.352911086094,cQ,nonA,1,S,Y
NGC4210,183.816146820118,65.9852860942948,2702.5690386931274,cQ,nonA,1,S,Y
NGC4211NED01,183.899410781881,28.1776104503531,6626.5097766378885,fR,nonA,2,S,Y
NGC4211NED02,183.905413991313,28.169854026088,6616.682837834791,MX,nonA,3,S,Y
NGC4291,185.075437172166,75.3708546140161,1710.4795744054165,nR,nonA,1,S,N
NGC4384,186.299541383987,54.5062451344492,2483.8748470822998,SF,nonA,2,S,Y
NGC4390,186.461085055609,10.4588839831652,1045.3664019865373,cQ,nonA,1,S,Y
NGC4415,186.668628687764,8.43575951431632,887.950977131837,fR,nonA,1,S,N
NGC4431,186.864141919334,12.290397965691,919.8544439612049,nR,nonA,1,S,N
NGC4470,187.407914399472,7.82393371411523,2327.557387164468,SF,nonA,1,S,Y
NGC4479,187.57653176447,13.577719381596,874.6265865879988,fR,nonA,1,S,N
NGC4486B,187.633153024556,12.4901932937916,1589.783941030555,MX,nonA,3,S,N
NGC4630,190.62997575934,3.95944051624973,629.6129201995354,SF,nonA,1,S,Y
NGC4644,190.677835058086,55.1455822521427,4976.5106917577405,cQ,nonA,1,S,Y
NGC4676A,191.542087308324,30.7323088717445,6608.172213196536,MX,sAGN,1,U,Y
NGC4676B,191.54683119548,30.7229937312901,6465.451779639312,SF,nonA,2,S,Y
NGC4711,192.190964988374,35.332772711192,4067.286851896335,SF,nonA,1,S,Y
NGC4736,192.72102199029,41.1203820417093,320.1207508476215,MX,nonA,2,S,N
NGC4816,194.050557283083,27.7455314067627,6933.976184368323,fR,nonA,1,S,N
NGC4841A,194.383163760072,28.4770609391946,6769.73927628512,nR,nonA,1,S,N
NGC4861a,194.752416077101,34.8456267056437,765.0324541822102,SF,nonA,1,S,Y
NGC4866,194.862820481668,14.170855160819,1942.8245413620714,fR,nonA,1,S,Y
NGC4874,194.898699836911,27.959369124224,7184.805419073151,nR,nonA,1,S,N
NGC4956,196.253922812281,35.1781469741974,4751.065457461265,fR,nonA,1,S,Y
NGC4961,196.448149124434,27.7341728763465,2570.2372591224585,SF,nonA,1,S,Y
NGC5000,197.447810023095,28.9070175908801,5581.587330464114,QnR,nonA,1,S,Y
NGC5016,198.027683532825,24.0950676165836,2590.080069070055,SF,nonA,1,S,Y
NGC5029,198.156548661986,47.0633161697623,8689.354824932272,fR,nonA,1,S,N
NGC5056,199.051233337855,30.9504217729578,5614.90395485084,SF,nonA,1,S,Y
NGC5145,201.307834737034,43.2672551943438,1205.0822955808167,SF,nonA,1,S,N
NGC5157,201.820230862341,32.0307831178185,7323.484299158629,MX,nonA,2,S,Y
NGC5198,202.547335047933,46.6707840486112,2559.3762126120173,fR,nonA,1,S,N
NGC5205,202.514869531129,62.5115882671223,1747.387005202313,cQ,nonA,1,S,Y
NGC5216,203.028642115607,62.7007205669089,2931.8782569088444,nR,wAGN,1,S,Y
NGC5218,203.043253059337,62.7680107144571,2894.129607048826,nR,nonA,2,U,Y
NGC5267,205.16644947015,38.7942032556585,5949.176833272389,cQ,nonA,2,S,N
NGC5289,206.286340594134,41.5035938606778,2522.782259467747,cQ,nonA,2,S,Y
NGC5320,207.584885741382,41.3663916251323,2623.928659978623,SF,nonA,1,S,Y
NGC5338,208.360582390711,5.20775663238111,740.8254339348167,nR,nonA,2,S,Y
NGC5339,208.501300864819,-7.93031197455019,2695.0797277677602,QnR,nonA,2,S,Y
NGC5358,208.501746660823,40.2774044305088,2457.1132591100113,fR,nonA,1,S,Y
NGC5376,208.816884443409,59.5066222233568,2095.827398709272,cQ,nonA,2,S,Y
NGC5378,209.212580586391,37.7973718289698,2961.4548933326005,MX,nonA,2,S,Y
NGC5379,208.893052935174,59.7429508790683,1805.7406904288764,MX,nonA,1,S,Y
NGC5394,209.640319250765,37.4535900686343,3438.0903744219063,SF,nonA,1,S,Y
NGC5395,209.658632367264,37.4247786681037,3504.3548971720315,cQ,nonA,2,S,Y
NGC5402,209.569018980529,59.8150182865915,3028.4866943356747,SF,nonA,1,S,Y
NGC5406,210.083958722094,38.9155103400056,5398.571186647228,cQ,nonA,1,S,Y
NGC5410,210.22756673239,40.9884809943548,3668.1093495999785,SF,nonA,1,S,Y
NGC5421NED02,210.425395720294,33.8215759036022,7867.601145471911,MX,nonA,2,S,N
NGC5423,210.702602387823,9.34140642000093,5931.67937539726,nR,nonA,1,S,N
NGC5425,210.198658709549,48.4441444084765,2065.5737618432436,SF,nonA,1,S,Y
NGC5426,210.85374362058,-6.06901056557276,2564.461752785403,SF,nonA,1,S,Y
NGC5427,210.858473434661,-6.03090308336739,2745.951604391769,SF,sAGN,1,S,Y
NGC5434B,210.863006932428,9.46742389802784,5646.6195473507705,SF,nonA,1,S,Y
NGC5439,210.490130627979,46.3119044859618,1910.8922893699473,MX,nonA,2,S,N
NGC5443,210.548861738697,55.8141219847702,1802.7009143504376,MX,wAGN,2,S,Y
NGC5468,211.645381470839,-5.45290795218097,2815.8079456614987,SF,nonA,1,S,Y
NGC5473,211.180130713564,54.8927059019684,2024.2128144216174,fR,nonA,1,S,N
NGC5475,211.301696603683,55.7418012306198,1654.1450098357209,nR,wAGN,1,U,Y
NGC5480,211.590114274066,50.725062798376,1892.815469219997,SF,nonA,1,S,Y
NGC5481,211.671938353957,50.7233238650876,1986.430736262115,nR,nonA,1,S,N
NGC5485,211.797262439288,55.0015867190798,1920.6826214181178,fR,nonA,1,S,Y
NGC5513,213.285941915138,20.4163423290508,5050.100795400661,fR,nonA,1,S,N
NGC5519,213.587039019415,7.51597189456503,7408.94765917206,SF,nonA,2,S,Y
NGC5520,213.094885960741,50.3483377993721,1867.8568723724989,SF,nonA,1,S,Y
NGC5522,213.709743191483,15.1468644581818,4550.954976936154,SF,nonA,1,S,Y
NGC5525,213.91339107003,14.2826559559432,5545.353879972134,nR,nonA,1,S,N
NGC5532,214.220643895827,10.807474464999,7416.838287032943,fR,nonA,1,S,Y
NGC5533,214.031945862221,35.3439623441431,3851.340024924494,QnR,wAGN,1,S,Y
NGC5546,214.538396615408,7.56452835394691,7363.195295050018,nR,nonA,1,S,N
NGC5549,214.661699894777,7.37739490585004,7687.891853550429,nR,nonA,1,S,N
NGC5557,214.607299800412,36.493338826225,3227.9372863125172,fR,nonA,1,S,Y
NGC5559,214.803103018561,24.7989147543383,5161.310912781112,SF,nonA,1,S,Y
NGC5576,215.265278044792,3.27098096672942,1495.0156519691452,fR,nonA,1,S,Y
NGC5580,215.410007970653,35.2049039924557,3180.7781034179097,fR,nonA,1,S,Y
NGC5587,215.54480425847,13.9180229786485,2311.908746470058,cQ,nonA,2,S,Y
NGC5598,215.617812632527,40.3198387025928,5458.848816297184,fR,nonA,1,S,N
NGC5602,215.578677683041,50.5015940955309,2254.28624334712,nR,nonA,1,S,Y
NGC5610,216.095609237745,24.6142054202484,5064.114574851092,SF,nonA,1,S,Y
NGC5611,216.01990306429,33.0474295311461,1984.1687292940483,fR,nonA,1,S,N
NGC5614,216.031404992224,34.8588997014024,3867.1777354770734,nR,wAGN,2,S,Y
NGC5616,216.086325700381,36.4610612020183,8436.828490334554,SF,nonA,1,S,Y
NGC5622,216.55103022997,48.5637235957805,3852.458933493492,SF,nonA,1,S,Y
NGC5623,216.786136322484,33.2524441155395,3410.666995311404,nR,wAGN,1,U,N
NGC5630,216.902563594588,41.2579477199291,2705.953923286082,SF,nonA,1,S,Y
NGC5631,216.638573650643,56.5825406225604,1953.0939670492476,fR,nonA,1,S,Y
NGC5633,216.868513241547,46.1466536849277,2350.5292201207103,SF,nonA,1,S,Y
NGC5635,217.132137141788,27.4093561916271,4306.713826692649,MX,sAGN,1,U,Y
NGC5642,217.306150515527,30.0265251988952,4325.317624538168,nR,nonA,1,S,N
NGC5656,217.606037614541,35.3212078843846,3166.775078292115,cQ,nonA,1,S,Y
NGC5657,217.681674260083,29.1806450591433,3890.001074809708,SF,nonA,1,S,Y
NGC5659,217.77568260751,25.3552050783913,4513.572975006289,SF,nonA,1,S,Y
NGC5665,218.106967207889,8.07913422321809,2241.072749155503,SF,nonA,1,S,Y
NGC5675,218.166109514171,36.3024873669727,3943.317487457825,nR,sAGN,2,S,Y
NGC5682,218.687567875063,48.6702048736613,2357.5348603198504,SF,nonA,1,S,Y
NGC5684,218.958727719466,36.5431851510884,4106.9841313798615,nR,wAGN,1,U,Y
NGC5687,218.71836474149,54.4758340711375,2185.780744194143,fR,nonA,1,S,N
NGC5689,218.873670938516,48.7417655277019,2227.3408568812506,fR,nonA,1,S,Y
NGC5714,219.548044625592,46.6382217668059,2254.917382458201,SF,nonA,1,S,Y
NGC5720,219.638665469317,50.8152482059802,7761.198064002423,cQ,nonA,1,S,Y
NGC5730,219.967287252752,42.7424682979078,2550.611792757462,SF,nonA,1,S,Y
NGC5731,220.038530386902,42.7793603507903,2607.234678710256,SF,nonA,1,S,N
NGC5732,220.162387836319,38.6379534816359,3726.8340743160643,SF,nonA,1,S,Y
NGC5735,220.638413144727,28.7264847846286,3749.8268014487367,QnR,sAGN,1,U,Y
NGC5739,220.620412504541,41.8423296885013,5531.1497483352805,nR,sAGN,1,S,N
NGC5772,222.912108177654,40.5990985847383,4902.08970716053,cQ,nonA,1,S,Y
NGC5784,223.568434668528,42.5581485455866,5494.84503724082,nR,nonA,2,S,Y
NGC5794,223.973419388842,49.7261156054523,4186.509086947881,fR,nonA,1,S,N
NGC5797,224.100202842901,49.6961730764368,4021.172553321725,fR,nonA,1,S,N
NGC5829,225.675114553491,23.33345578026,5629.142621121501,SF,nonA,1,S,Y
NGC5845,226.503215757206,1.6338416739448,1455.738351856337,fR,nonA,1,S,N
NGC5876,227.381562855522,54.5064409847811,3288.4551100134813,nR,nonA,2,S,Y
NGC5888,228.280538986551,41.2647015901577,8731.455058426644,MX,nonA,2,S,N
NGC5907f1a,228.980555290342,56.3294189879782,691.5632530240712,MX,nonA,2,S,N
NGC5907f2a,228.986258940294,56.3273140493526,583.1106565702028,MX,nonA,2,S,N
NGC5908,229.180423540736,55.4095527130163,3300.5825106159036,MX,nonA,1,S,Y
NGC5928,231.511939981568,18.0737184705077,4464.680006917562,fR,nonA,1,S,N
NGC5929,231.525598137893,41.6707813179206,2530.513329439311,MX,sAGN,2,S,Y
NGC5930,231.53284311935,41.6756703020348,2628.3582982721346,MX,nonA,2,S,Y
NGC5934,232.053178003502,42.9299440933682,5558.483484097624,MX,nonA,2,S,Y
NGC5935,232.069587307819,42.9441391639072,5433.178190356197,nR,nonA,2,S,N
NGC5947,232.652436800918,42.7171665852056,5944.2386081832055,SF,nonA,1,S,Y
NGC5950,232.878099238145,40.4302124180767,2624.9539018280507,SF,nonA,1,S,Y
NGC5951,233.429432400293,15.007439505871,1785.2862387152973,SF,nonA,1,S,Y
NGC5953,233.634810712265,15.1937933386242,2007.4603688397608,SF,nonA,2,S,Y
NGC5954,233.645522116363,15.2001816933753,1937.572483653108,SF,nonA,1,S,Y
NGC5957,233.846760102005,12.0476547460381,1809.5711906140107,QnR,wAGN,1,S,Y
NGC5966,233.967160806329,39.7689364590887,4486.196836262833,nR,nonA,1,S,N
NGC5971,233.903794047981,56.4617179018962,3314.0958420166826,MX,wAGN,2,S,N
NGC5980,235.376779789512,15.7876101739334,4093.1689248679386,SF,nonA,1,S,Y
NGC5987,234.988780905841,58.0800958609269,3011.7014340877367,nR,nonA,1,S,Y
NGC6004,237.594779995935,18.9391035986102,3830.3285927233364,SF,nonA,1,S,Y
NGC6020,239.283869265786,22.4046350478869,4325.229458928517,fR,nonA,1,S,N
NGC6021,239.377863278995,15.9561037632912,4777.692176659611,fR,nonA,1,S,Y
NGC6023,239.456683168033,16.3102368868589,11119.227448962003,nR,nonA,2,S,N
NGC6027,239.802221500603,20.7630857863546,4386.756143707252,nR,nonA,2,S,Y
NGC6032,240.754679614818,20.956008133669,4303.418303108562,SF,nonA,2,S,N
NGC6060,241.46667088862,21.4847112647539,4357.243859124408,cQ,nonA,1,S,Y
NGC6063,241.804059778443,7.9790847514648,2833.7698338271152,SF,nonA,1,S,Y
NGC6081,243.236991404681,9.86721916986876,5044.562104715459,nR,sAGN,2,U,Y
NGC6086,243.148029477956,29.4848042073222,9560.606353548545,nR,nonA,1,S,N
NGC6090,242.919621781171,52.4571306844948,8846.371575940704,SF,nonA,1,S,N
NGC6125,244.798049879773,57.9841727709516,4723.3177492973045,fR,nonA,1,S,Y
NGC6132,245.9115052311,11.7862386867073,4998.52293317514,SF,nonA,1,S,Y
NGC6146,246.293027444914,40.89290857005,8804.594329598687,nR,nonA,1,U,Y
NGC6150,246.458183712642,40.4887618447239,8745.831056238725,fR,nonA,2,S,N
NGC6150B,246.435189152161,40.4756809460371,9502.878778603212,SF,nonA,2,S,N
NGC6154,246.377022371154,49.8403064754003,5996.840234394404,MX,nonA,2,S,Y
NGC6155,246.534937680829,48.3671228162117,2451.7752554374724,SF,nonA,1,S,Y
NGC6166NED01,247.16019759075,39.5514104689615,8220.934846368971,nR,nonA,2,S,N
NGC6168,247.839113093722,20.1848241337238,2541.8027388759065,SF,nonA,1,S,Y
NGC6173,247.437028350012,40.8116750366499,8822.248480956641,fR,nonA,2,S,N
NGC6186,248.606181054332,21.5409138779857,2958.502098378177,MX,nonA,2,S,Y
NGC6251,248.133222403831,82.5379313192878,7340.316997692092,nR,sAGN,1,S,N
NGC6261,254.127255512304,27.9776965631258,10451.18545950388,MX,nonA,2,U,N
NGC6264,254.317106134599,27.8498793547397,10170.684035509803,SF,sAGN,1,S,N
NGC6278,255.209560548362,23.0110166162297,2831.006384286227,fR,nonA,1,S,Y
NGC6285,254.600120138296,58.9559140258646,5678.984813367869,SF,nonA,2,S,N
NGC6286,254.630900888577,58.9367670373373,5594.3051030446395,SF,nonA,1,S,N
NGC6301,257.136287604523,42.3392093263968,8339.794558169995,cQ,nonA,1,S,Y
NGC6310,256.989176935606,60.9902770456861,3415.249624320575,MX,nonA,2,S,Y
NGC6314,258.161531557735,23.2701955807619,6588.865911462466,nR,nonA,2,S,Y
NGC6323,258.325271274296,43.7824894437873,7839.090393044221,MX,sAGN,2,S,N
NGC6338,258.845712039124,57.4113763253916,8188.682179667501,nR,nonA,1,S,N
NGC6361,259.670951433769,60.6084448050843,3799.90108088652,SF,nonA,1,S,Y
NGC6373,261.033204311405,58.9950817813746,3318.903937197469,SF,nonA,1,S,Y
NGC6394,262.58931612951,59.6400255381531,8549.67685019671,MX,sAGN,1,S,Y
NGC6411,263.886783487723,60.8133996466811,3715.5007871957555,fR,nonA,1,S,N
NGC6427,265.910761395068,25.4939360367198,3259.3997170806883,fR,nonA,1,S,N
NGC6478,267.159832764776,51.157588352131,6756.7458484622,SF,nonA,1,S,Y
NGC6497,267.824831656479,59.471021779986,6047.368541787117,cQ,nonA,2,S,Y
NGC6515,269.354932527173,50.7281768478043,6834.14661160722,nR,nonA,1,S,N
NGC6762,286.404575248767,63.9341096650249,2933.6565340505763,nR,wAGN,2,S,Y
NGC6786,287.724677737787,73.4101694157244,7432.660089565887,SF,nonA,1,S,Y
NGC6789,289.175010663454,63.9719805343376,199.32041434539548,MX,nonA,1,S,N
NGC6941,309.097513403824,-4.61867393133655,6205.61474045069,QnR,nonA,1,S,Y
NGC6945,309.752473145225,-4.97250597867692,3743.8305144314254,fR,nonA,1,S,N
NGC6962,311.829581077488,0.320677677097797,4167.315860515677,nR,nonA,1,S,Y
NGC6977,313.123830619934,-5.74605941830278,6114.34045503236,QnR,wAGN,2,U,Y
NGC6978,313.147641525928,-5.71101534538686,5958.786420224448,MX,nonA,2,S,N
NGC7025,316.947287323202,16.3357513388115,4940.1430791813455,nR,nonA,1,S,Y
NGC7047,319.11496739388,-0.826242230388616,5777.023810391539,cQ,nonA,1,S,Y
NGC7052,319.637978208334,26.4473542546366,4654.391084222194,nR,nonA,1,S,Y
NGC7194,330.87882637372,12.6367988884099,8111.722908976823,fR,nonA,1,S,N
NGC7236,333.687416627127,13.8465359731338,7855.369748215682,fR,nonA,1,S,N
NGC7253B,334.862658434759,29.3980128752556,4702.729822351809,SF,nonA,1,S,Y
NGC7311,338.527994385215,5.57033173080497,4496.028810631838,cQ,nonA,2,S,Y
NGC7321,339.116768618694,21.621710741343,7099.043946612455,QnR,wAGN,1,U,Y
NGC7364,341.101377636876,-0.161960100343201,4815.19603370463,SF,nonA,1,S,Y
NGC7436B,344.489161213119,26.1499831724267,7372.393216290422,nR,nonA,1,S,N
NGC7457,345.249690817589,30.1449025034677,796.1189718489543,fR,nonA,1,S,N
NGC7461,345.451120117862,15.5826373261855,4143.8754246159515,MX,nonA,3,S,N
NGC7466,345.51426427185,27.0528102860286,7464.152848877516,SF,sAGN,1,U,Y
NGC7469,345.814882811292,8.87405214009106,4852.206118150251,SF,nonA,1,S,Y
NGC7489,346.886031664897,22.9982229523361,6191.860643667019,SF,nonA,1,S,Y
NGC7503,347.676055804508,7.56776572493392,13216.673792408821,nR,nonA,2,S,N
NGC7536,348.555036060523,13.4265925957019,4673.345094783272,SF,nonA,1,S,Y
NGC7549,348.821451864068,19.0418370860149,4636.664600118701,SF,nonA,1,S,Y
NGC7550,348.816893711219,18.9615215958326,5046.896370834725,nR,wAGN,1,U,N
NGC7559B,348.943909744934,13.2903598017162,4539.234608696761,fR,nonA,1,S,N
NGC7562,348.989496395475,6.68762703368228,3571.4016601368817,fR,nonA,1,S,Y
NGC7563,348.982946242448,13.1961956460718,4292.451906554992,fR,nonA,1,S,Y
NGC7591,349.567568611904,6.58575202320462,4905.27927428702,SF,nonA,1,S,Y
NGC7608,349.813470762918,8.35031960733533,3430.8679703671755,SF,nonA,1,S,Y
NGC7611,349.902412367361,8.06341091277096,3250.918564630901,fR,nonA,1,S,N
NGC7619,350.06043155494,8.20632438924755,3752.073133590546,fR,nonA,1,S,N
NGC7623,350.124957778936,8.39583043784778,3678.459544192567,fR,nonA,1,S,N
NGC7625,350.1253108582,17.2264008731477,1576.0184569669057,SF,nonA,2,S,Y
NGC7631,350.361019718022,8.21763250200424,3697.9572177612513,QnR,nonA,1,S,Y
NGC7653,351.205431075269,15.2755788236346,4192.3456404658955,cQ,nonA,1,S,Y
NGC7671,351.830519784263,12.4674937281557,3806.0120740846346,fR,nonA,2,S,N
NGC7683,352.265882014463,11.4452718941934,3661.304753029039,fR,nonA,1,S,N
NGC7684,352.633384804302,0.0810901573272209,5178.945019263694,fR,nonA,2,S,Y
NGC7691,353.101595908256,15.847970324629,3958.257023820786,SF,nonA,1,S,Y
NGC7711,353.914025303787,15.3020262195591,4015.6106066911516,nR,nonA,2,S,N
NGC7716,354.130948627482,0.297323048505746,2552.639451742941,cQ,nonA,1,S,Y
NGC7722,354.671155834932,15.9543114465524,3966.613082843166,nR,nonA,2,S,Y
NGC7738,356.008478870148,0.516807744755601,6716.2164658055535,MX,nonA,2,U,Y
NGC7768,357.743926394175,27.1472904212779,8091.28257526001,nR,nonA,2,S,N
NGC7782,358.474676074562,7.97058150145296,5345.263592575699,QnR,wAGN,1,U,Y
NGC7783NED01,358.54193889791,0.382841942460946,7818.435163236519,nR,nonA,1,S,N
NGC7787,359.032533714912,0.549745562374703,6626.207907124613,QnR,nonA,1,S,Y
NGC7800,359.90328275878,14.8073748192341,1738.7347046390196,SF,nonA,1,S,Y
NGC7803,0.333132613434023,13.1112627583848,5281.499551345293,MX,nonA,2,S,Y
NGC7819,1.10218575612586,31.4721245414901,4947.076124235644,SF,nonA,1,S,Y
NGC7824,1.27597375632002,6.92018337368451,6095.322958367,nR,wAGN,2,U,Y
NGC784,30.3206941457431,28.8337828984921,241.0359559762996,SF,nonA,1,U,Y
PGC0014370,60.8410206061245,71.7203696572276,4343.825908033114,SF,nonA,1,S,N
PGC0035860,173.963399550454,34.2821083854713,6210.156874214162,SF,sAGN,1,U,N
PGC0063016,289.320988170074,33.4255584470167,4395.179730573031,SF,nonA,1,S,N
PGC0213858,173.654254225596,54.8913782604319,5737.2591814782745,SF,nonA,1,S,N
PGC042068,189.145391940547,8.05462953066166,1767.041428897902,MX,nonA,2,S,Y
PGC070520,346.834097055238,36.3625955384718,5077.402995083626,nR,nonA,1,S,N
PGC10254,40.6207982550518,18.164723943623,9442.098785946459,SF,nonA,1,S,N
PGC10652,42.2211528134029,53.037561829321,4731.345197668656,fR,nonA,2,S,N
PGC10738,42.5368601334632,12.8436651660359,10283.859533949577,nR,nonA,2,S,N
PGC12562N,50.2504221283328,41.5625034527016,4571.556909253884,fR,nonA,3,S,N
PGC1481751,30.4199144883423,15.331307464634,9740.24934773377,fR,nonA,1,S,N
PGC213672,152.331805396162,14.9909863689197,9189.113624849604,MX,nonA,2,U,N
PGC3086846,146.282325213262,58.6686827561704,8879.84979913974,SF,nonA,1,S,N
PGC37426,178.87701463977,11.9237755563813,6353.684577658362,cQ,nonA,1,S,N
PGC74050,29.5657877199134,36.3479110235627,4799.603900729509,SF,nonA,2,S,N
PRCC-02,4.96876653185315,22.477752601529,10066.535402917645,SF,nonA,1,S,Y
PS15sv,243.298642409072,1.59226140312297,9889.67732515216,SF,nonA,1,S,N
PSNJ08351668+4819011,128.816883611641,48.3171053890638,12763.777177702557,SF,nonA,1,S,N
PSNJ1504,226.169086558928,12.6335199451531,8659.916217151116,SF,nonA,1,S,Y
PTF11owc,139.039326326363,49.6256527273449,28645.77878029771,MX,nonA,3,U,N
PTF11phk,5.98551817759293,29.5219267042915,21695.74634361225,SF,nonA,1,S,N
PTF11ppn,323.840206303559,26.9348601744307,20253.68687034208,cQ,nonA,3,S,N
PTF11qzq,109.863413392313,54.2293295684064,20103.10365390505,cQ,nonA,1,S,N
PTF12ikt,18.682880338344,0.286072846380974,13633.05046661262,SF,wAGN,2,U,N
PTF13ddg,11.9627762421236,31.8228891822954,26281.532865192607,SF,nonA,1,S,N
PTF14aaf,219.210680766887,6.13925341002704,17844.149094682118,SF,nonA,2,S,N
SDSS-C4-DR33247,126.502362882101,40.9812593629456,12884.948869629778,MX,nonA,2,S,N
SDSSJ015424,28.6017226994228,13.5412316692225,6205.317216147661,nR,nonA,2,S,N
SDSSJ100141.02+371447.4,150.421442513987,37.2477642997336,1497.4512296178968,SF,sAGN,1,U,N
SDSSJ163658,249.369248081917,40.8801099859576,7876.251149010902,MX,nonA,3,S,N
SN2000B,106.422556973767,50.5810629337797,5827.030813048629,nR,sAGN,1,S,N
SN2000cn,269.420168444515,27.8350124499201,7035.45903140647,cQ,nonA,2,S,Y
SN2000fa,108.871419839391,23.4277949970097,442.1174574908965,MX,nonA,1,S,N
SN2001br,277.606035588852,34.1028812777371,6081.421441003054,MX,nonA,2,S,N
SN2002ji,170.727626724467,16.5900438614964,1432.7056557047008,SF,nonA,1,S,Y
SN2003du,218.651579567861,59.3383904677628,1863.8815339859673,SF,nonA,1,S,N
SN2003it,1.45155452900827,27.4494310188342,7470.286931342355,SF,nonA,1,U,Y
SN2005bl,181.047223770863,20.4098655682624,7143.035355932399,nR,nonA,1,S,N
SN2005mc,126.774925138756,21.6453241102742,7509.593552891155,MX,nonA,2,S,Y
SN2006N,92.1286110920729,64.7236913720319,4173.854503699755,nR,nonA,1,S,N
SN2006bd,174.622541786348,20.5276652145499,7744.049685797652,SF,nonA,3,S,N
SN2006ev,322.739725386718,13.9857182035954,8617.181732708466,cQ,nonA,1,S,Y
SN2006gz,272.613182213168,31.0032867656753,7075.221914225542,SF,nonA,1,S,Y
SN2006kf,55.4618350095096,8.15986803844338,6411.9701647562715,MX,nonA,3,S,Y
SN2006lf,69.619292615186,44.0370664271105,3907.6059575179856,QnR,nonA,1,S,Y
SN2007N,192.256424571314,-9.45693053715713,3774.221499644927,cQ,nonA,1,S,Y
SN2007co,275.766761385451,29.9023350539873,7992.6338247180765,SF,nonA,1,S,N
SN2007jd,44.9735238414978,1.1601035438524,21708.069858965613,SF,nonA,1,S,N
SN2007ke,43.6102274347591,41.5795540831513,5267.223233634768,nR,nonA,1,S,N
SN2008C,104.297960533437,20.4373669958037,4965.772533417609,SF,sAGN,2,S,N
SN2008bi,128.973030765353,0.707229857533603,3954.475185855833,nR,nonA,1,S,Y
SN2008bw,276.708727435788,51.1391686851993,9968.136402705157,cQ,nonA,2,S,N
SN2008bz,189.742077867366,11.1305876420374,17949.791297873086,SF,nonA,1,S,N
SN2008dr,332.715431392637,2.10587128740024,12345.57757491274,QnR,wAGN,1,S,Y
SN2009P,170.160840935569,-3.54621269915785,7553.259029953723,SF,nonA,1,S,N
SN2009cz,138.748834103441,29.7302297468467,6311.526757287986,MX,nonA,2,S,Y
SN2009dc,237.804820581033,25.7019731781458,6325.593829554082,MX,nonA,3,S,Y
SN2010et,259.218452702026,31.5842091088867,7039.013738462803,fR,nonA,2,S,N
SN2011gy,52.3965294753469,40.8689847073678,4891.838172188543,fR,nonA,2,S,N
SN2011io,345.6945349229,8.8051104746749,12491.10209072701,cQ,nonA,1,S,N
SN2011iu,357.762042618781,46.7237288518611,13719.188922822737,cQ,nonA,1,S,Y
SN2012bh,183.404216088523,46.4939294511152,7591.16897898825,SF,nonA,1,S,N
SN2012bp,244.551802231887,36.4832250832798,8500.785089737808,SF,nonA,1,S,N
SN2012fb,27.7134535726979,33.1397242001207,11103.15368332641,SF,nonA,1,S,N
SN2012fk,37.7114161551278,22.4702867833461,9286.076416070773,MX,wAGN,2,S,N
SN2012fk_b,37.7070122652685,22.4775749465598,9468.903940688979,MX,nonA,2,S,N
SN2012fk_c,37.7166764247265,22.4754092050472,9295.07179687814,MX,nonA,2,S,N
SN2012go,340.464910633175,34.9676396309173,9762.65289116176,SF,nonA,1,S,N
SN2012hl,12.5736093724775,24.5319359916491,9880.15907996467,SF,nonA,1,S,N
SN2012id,70.6763529267804,18.5833354966707,4539.610315658061,nR,nonA,2,S,N
SN2012ij,175.066977195176,17.4572620306461,3132.850908631023,MX,nonA,3,S,Y
SN2013N,177.516919002641,21.2798537074285,7819.9128135856545,MX,nonA,3,U,N
SN2013fw,318.44091383578,13.5749709249258,5099.3315252410885,SF,nonA,1,S,Y
SN2013gv,47.493335576639,19.208128878688,10180.492725505119,fR,nonA,2,S,N
SN2013hh,172.259781108849,17.2318874465509,3790.9796240928367,SF,nonA,1,S,Y
SN2014D,182.654237833691,18.8287910983681,2505.575372430981,SF,nonA,1,S,Y
SN2014aa,176.266085713225,19.9738262882422,5068.772521306872,QnR,wAGN,1,U,Y
SN2014dl,247.447010520674,8.64427490365634,9882.216639847284,QnR,nonA,1,S,Y
SN2016cyt,317.401047518115,15.1250005906608,9123.064339325945,MX,nonA,3,S,N
SN2016hnk,33.3155609226513,-7.66202329399235,4753.548893512302,QnR,nonA,1,S,Y
SN2017ya,4.18541076374575,15.3419263132317,20975.70351163748,cQ,nonA,1,S,N
SNhunt175,229.852895400922,20.8964283531712,12148.617017419061,nR,nonA,2,S,N
UGC00005,0.773326570380615,-1.91365663946657,7249.535393656817,SF,sAGN,1,S,Y
UGC00029,1.14051386591128,28.3017669453719,8786.527827172033,nR,nonA,2,S,N
UGC00036,1.30793030495666,6.77194366058169,6240.211393709564,QnR,nonA,2,S,Y
UGC00139,3.63267011644786,-0.737384476176975,3874.3526800616937,SF,nonA,1,S,Y
UGC00148,3.96384041104668,16.0895655777736,4077.1321087709034,SF,nonA,1,S,Y
UGC00312,7.84914385353426,8.4666833028094,4267.802080157829,SF,nonA,1,S,Y
UGC00312NED01,7.82857027854757,8.47490188187687,4297.842826221423,SF,nonA,1,S,Y
UGC00335NED01,8.48088947747546,7.27915884032422,5429.006299477219,nR,nonA,2,S,N
UGC00335NED02,8.48880527140968,7.2683797096611,5446.811855541832,nR,nonA,2,S,N
UGC00809,18.9660066769828,33.8102154875997,4082.1718267006377,SF,nonA,1,S,Y
UGC00841,19.7916218568691,33.0305530312339,5527.790606321023,SF,nonA,1,S,Y
UGC00987,21.380793654499,32.1363057941481,4591.4796216964205,QnR,sAGN,2,S,Y
UGC01014,21.5977705745473,6.27720104965243,2091.2109651813435,cQ,nonA,2,S,Y
UGC01057,22.221878350951,13.7938442677103,6261.501077308709,SF,nonA,1,S,Y
UGC01062,22.2481235019504,-0.561821879963315,5453.674102364767,fR,nonA,1,S,N
UGC01123,23.5330471592435,-1.03221408782053,4839.494975179444,MX,nonA,2,S,Y
UGC01271,27.2501958116273,13.2111651608118,5007.056874713869,fR,nonA,1,S,N
UGC01274,27.2982982180462,12.8532890724008,7863.559940707982,fR,nonA,2,S,Y
UGC01368,28.5546102599642,7.8836918505613,7943.894891936475,SF,nonA,2,S,N
UGC01659,32.4870627247791,16.0325235978546,8185.580296938343,SF,nonA,1,S,Y
UGC01749,34.0600065233749,18.3110149131789,8063.300333019961,cQ,nonA,1,S,Y
UGC01918,36.8852050527028,25.6690039727029,5063.431411571351,MX,nonA,2,S,Y
UGC01938,37.0921836132773,23.2146507241312,6279.90364871645,SF,nonA,1,S,Y
UGC02018,38.1672797545535,0.260108896140072,6125.86204132455,fR,nonA,2,S,N
UGC02099,39.3042319563623,21.5677910460837,8182.2765683366715,MX,nonA,2,S,Y
UGC02134,39.7158411534575,27.8475079164218,4535.095529447251,SF,nonA,1,S,Y
UGC02175,40.5700952916754,42.3921168226258,4296.8367722425755,SF,nonA,1,S,N
UGC02222,41.2901561476505,32.989775396209,4906.779312643194,fR,nonA,1,S,N
UGC02225,41.3065361437197,32.9781292618358,5058.136386759352,MX,nonA,2,S,N
UGC02229,41.3647415003203,0.91440556376994,7288.719475624878,nR,nonA,2,S,N
UGC02239,41.6485031676199,32.4495649795189,4774.237689638836,SF,nonA,1,S,Y
UGC02311,42.3664666705542,-0.872990357804385,7113.620619149419,QnR,nonA,1,S,Y
UGC02319,42.4732050285747,-1.00360006135162,6973.552948330807,SF,nonA,1,S,Y
UGC02367,43.4214393303194,6.26548613884133,7372.472971533588,MX,nonA,1,U,Y
UGC02403,43.9885014485349,0.692761896291931,4097.555478811314,SF,nonA,2,S,Y
UGC02405,43.9898234182543,6.49479405924227,7704.772665758395,SF,nonA,1,S,Y
UGC02443,44.5894400307271,-2.04160681334076,2484.6178818232097,SF,nonA,1,S,Y
UGC02465,45.155778904119,35.1692666280636,5086.4176434490355,nR,nonA,1,S,Y
UGC02628,49.1325685261199,-0.468144603807222,6763.545409387993,SF,nonA,1,S,Y
UGC02690,50.1787763525375,-1.10847517958832,6265.922473543082,SF,nonA,1,S,Y
UGC03038,66.2552941932835,7.17103056650798,8071.4768203899275,SF,nonA,1,S,Y
UGC03107,69.34078389278,9.54461503574728,8342.699357130296,SF,nonA,1,S,Y
UGC03151,71.3324812340145,11.0677460347862,4554.313124797657,MX,sAGN,2,U,N
UGC03253,79.9263392648556,84.0526853799523,4135.421803485307,QnR,nonA,1,U,Y
UGC03539,102.225681600875,66.2615689804139,3218.143561518553,SF,nonA,1,S,Y
UGC03552,102.463703047158,28.3711414587369,4793.4266779221525,SF,nonA,1,S,Y
UGC03627,105.271089947524,51.2697486076372,6235.182076530049,SF,nonA,1,S,Y
UGC03789,109.878753089032,59.3551635598564,3200.6197049046323,MX,sAGN,2,S,Y
UGC03816,110.801706180288,58.0651534451622,3290.026159594763,nR,nonA,2,S,N
UGC03899,113.1575203156,35.6145743409791,3794.82395891777,SF,nonA,1,S,Y
UGC03944,114.652048388601,37.6335304789687,3839.3666410828428,SF,nonA,1,S,Y
UGC03960,115.094738931312,23.2750202583188,2211.1671314677405,fR,nonA,2,S,N
UGC03969,115.309984092935,27.6139937655365,8043.252953078764,SF,nonA,1,S,Y
UGC03973,115.636821958074,49.8097644639171,6603.9421893866465,SF,sAGN,1,S,Y
UGC03995,116.038094553218,29.2472811813125,4700.969871861853,QnR,sAGN,1,S,Y
UGC04029,117.079000563752,34.3324710756737,4349.595510247456,SF,nonA,1,S,Y
UGC04054,117.733605975506,23.8960504316713,2026.3635519402455,SF,nonA,1,S,Y
UGC04132,119.804048349726,32.9150236508188,5193.297625204745,SF,nonA,1,S,Y
UGC04136,119.976867168985,47.4133266541197,6645.208340061181,MX,nonA,2,S,N
UGC04140,119.842265995174,18.1104006792659,4653.999134750998,SF,nonA,1,S,Y
UGC04145,119.91744993373,15.3865262110687,4539.710123985608,MX,sAGN,2,S,Y
UGC04176,120.678459609918,40.6784750260399,2997.004982295329,SF,nonA,1,S,Y
UGC04179,120.524414987853,0.809440287748697,5491.359907158565,SF,nonA,1,U,Y
UGC04190,120.739692866282,16.2993333610789,4767.631958910695,SF,nonA,3,S,N
UGC04195,121.279252731321,66.7829438414218,4822.628090151354,QnR,nonA,1,S,Y
UGC04197,120.856221141752,10.0505535991504,4531.674807669924,cQ,nonA,3,S,Y
UGC04210,121.272281002981,25.062104404537,5064.744068319556,SF,nonA,1,S,Y
UGC04233,121.821562602663,8.86917289825049,8818.984818084133,SF,nonA,1,S,Y
UGC04240,122.025620033584,14.8378668966643,8529.558076492263,SF,nonA,1,S,Y
UGC04241,122.349090281126,57.7631675473984,7683.895132660213,nR,nonA,1,S,Y
UGC04245,122.190762874072,18.1941745463357,5162.126137737663,cQ,nonA,1,S,Y
UGC04258,122.699267845972,46.9122728641941,3100.0403957233543,SF,nonA,1,S,Y
UGC04262,124.764331502223,83.2664365846537,5685.63177178609,cQ,nonA,1,S,Y
UGC04280,123.638989713675,54.7995910891815,3464.263319199728,SF,nonA,1,S,Y
UGC04308,124.357380429658,21.6854290921702,3488.3144620676617,SF,nonA,1,S,Y
UGC04375,125.797068134434,22.6648304714466,1983.1995013975816,cQ,nonA,1,S,Y
UGC04425,127.059912798945,28.0574248965577,5804.948689016009,MX,nonA,2,S,Y
UGC04455,127.887025728926,-1.1977998091486,9313.378660107453,cQ,nonA,1,S,N
UGC04461,128.34456430616,52.5325112988099,4962.802599246596,SF,nonA,1,S,Y
UGC04468,128.37826527236,41.5255941147,7396.51511576258,fR,nonA,2,S,N
UGC04532,130.421757471381,18.8598407765428,4700.886426751009,MX,nonA,2,S,Y
UGC04546,130.963942194516,51.9911630948697,5210.937978478478,MX,nonA,2,S,N
UGC04550,130.816566039486,13.0860133228072,2175.8364720096333,SF,nonA,2,S,Y
UGC04551,131.024693411445,49.7938845363414,1681.343362874855,nR,nonA,1,S,N
UGC04659,133.668362819784,47.1051581160232,1717.0189537559609,SF,nonA,1,S,Y
UGC04722,135.098397573952,25.611237980224,1809.8908403231828,SF,nonA,1,S,Y
UGC04730,135.49331994027,60.1517594732661,3273.190014482151,SF,nonA,1,S,N
UGC04981,141.008205616017,68.5626241620413,3918.8272356349266,SF,nonA,1,S,N
UGC04988,140.813280436651,34.7343147044352,1557.4873107998728,SF,nonA,1,S,Y
UGC05108,143.859546633353,29.8127355002708,8070.198861016912,QnR,nonA,1,S,Y
UGC05111,144.218980759134,66.7885838892861,6775.344369974324,SF,nonA,1,S,Y
UGC05113,144.237813204466,66.5487900081515,6878.979367626194,nR,nonA,2,S,N
UGC05187,145.775679232452,41.0928777714085,1405.0089130887864,SF,nonA,1,S,Y
UGC05244,147.199603095752,64.1671325050418,2973.1929641461375,SF,nonA,1,S,Y
UGC05326,148.852019703427,33.2628889776872,1309.640286690364,SF,wAGN,1,U,Y
UGC05358,149.696999216351,11.3880727604865,2946.979465947631,SF,nonA,1,S,Y
UGC05359,149.715228281051,19.2150807482566,8355.581700901244,cQ,nonA,1,S,Y
UGC05377,150.131363742299,3.20485854852688,2076.137719714872,SF,nonA,1,S,Y
UGC05396,150.418739981868,10.7563966346317,5352.11748866295,SF,nonA,1,S,Y
UGC05498NED01,153.015074301813,23.085450695552,6260.548884782315,MX,nonA,2,S,Y
UGC05520,153.751988475871,65.1401054965837,3264.87053833772,SF,nonA,1,S,Y
UGC05598,155.558248427205,20.5895057865388,5646.204975701342,SF,nonA,1,S,Y
UGC05771,159.33054914666,43.5876874009332,7397.179567852264,nR,nonA,2,S,N
UGC05976,163.011742931905,55.6013070398811,1052.2010156622496,SF,nonA,1,S,Y
UGC05990,163.15990141013,34.4834974449813,1548.2789238741686,SF,nonA,1,S,Y
UGC06035,163.869747452124,17.1428292627292,760.5632595036483,SF,nonA,1,S,Y
UGC06036,163.980113843498,36.861457919889,6423.073712223734,nR,nonA,1,S,Y
UGC06181,166.943522220266,19.5497093946504,1120.8364402520738,SF,nonA,1,S,Y
UGC06249,168.336523037589,59.9086017497868,1031.9186248400465,cQ,nonA,2,S,Y
UGC06256,168.484312073687,65.1778172656614,3246.6614348714597,MX,nonA,1,S,N
UGC06312,169.501032308858,7.84471334287575,6312.9833920874635,MX,nonA,2,S,Y
UGC06320,169.571774870884,18.847218912513,1034.4735425922372,SF,nonA,1,S,Y
UGC06517,173.010017093701,36.6981396807193,2500.6102870069317,SF,nonA,1,S,Y
UGC07012,180.512922628713,29.8480343235846,3037.960773289995,SF,nonA,1,S,Y
UGC07129,182.229534267193,41.7411515738074,919.9852989504036,MX,nonA,2,S,Y
UGC07145,182.462430600273,38.2186707879867,6573.509363416812,SF,nonA,1,S,Y
UGC08004,192.908223653503,31.3529659670965,6169.509029585867,SF,nonA,1,S,Y
UGC08107,194.915902342732,53.3409057479022,8312.0194706485,SF,nonA,1,S,Y
UGC08231,197.156277999952,54.0746363052443,2477.962316748736,SF,nonA,1,S,N
UGC08234,197.193792159933,62.2717024466096,8115.21752261098,fR,nonA,1,S,N
UGC08250,197.583885352738,32.4829810205268,5234.521833241284,SF,nonA,1,S,Y
UGC08267,197.797121312763,43.7265404417939,7225.503513314643,SF,nonA,1,S,Y
UGC08322,198.753891479098,12.7252833358301,7573.708561107912,MX,nonA,2,S,Y
UGC08503,202.686998572834,32.7606313928296,4615.0045495843415,SF,nonA,2,S,Y
UGC08516,202.968390590988,20.0008548203471,962.7334546593305,SF,nonA,1,S,Y
UGC08662,205.323408434329,33.7731037723822,2022.7085435345264,SF,nonA,1,S,Y
UGC08733,207.162491680898,43.4124490737477,2340.5857245153297,SF,nonA,1,S,Y
UGC08778,208.027668090876,38.0670709748252,3193.172572307327,MX,nonA,1,S,Y
UGC08781,208.094748325556,21.5394600718979,7562.668149585087,cQ,nonA,1,S,N
UGC08984,210.946517875718,35.7417714333181,3844.658247886717,fR,nonA,2,S,N
UGC08988,210.834458393498,60.9902715870299,2058.162034272336,MX,nonA,2,S,Y
UGC09056,212.338918588454,49.0386473134353,2139.1904951754836,SF,nonA,1,S,Y
UGC09067,212.689292754327,15.2093628739586,7855.965025228707,SF,nonA,1,S,Y
UGC09071,212.513251465816,54.2186611130879,1778.2934943706748,SF,nonA,1,S,Y
UGC09080,212.649929600414,59.3582484686528,3004.2431518661447,SF,nonA,1,S,N
UGC09110,213.555703411441,15.6221674054138,4636.049983013093,cQ,nonA,1,S,Y
UGC09113,213.561383384083,35.4237018793261,3159.86691734867,SF,nonA,1,S,Y
UGC09165,214.698566681555,24.9396667953766,5325.936197617742,SF,nonA,1,S,Y
UGC09182,215.192404618451,21.9355369948684,4622.7192036186525,SF,nonA,1,S,Y
UGC09199,215.499542696198,11.1000967616425,7729.924546206254,SF,nonA,1,S,Y
UGC09253,216.743729170819,31.5170142988789,3832.694145044782,SF,nonA,1,S,Y
UGC09262,216.79219514566,35.921234201248,8335.895913573786,SF,nonA,1,S,Y
UGC09291,217.153776268518,38.9990045301227,2903.227775374842,SF,nonA,1,S,Y
UGC09356,218.223185815334,11.5950451703846,2202.1233023377845,SF,nonA,1,S,Y
UGC09401,219.038523606024,21.7935363957182,5645.9331958347475,MX,nonA,1,S,Y
UGC09448,219.74633709991,51.1206751072445,2256.268436050686,SF,nonA,1,S,Y
UGC09476,220.383864613534,44.5128372912482,3208.3674875340107,SF,nonA,1,S,Y
UGC09492,221.050766071908,7.94971453110028,8310.773716217858,nR,nonA,2,S,Y
UGC09518,221.590607689453,32.7802327290821,8759.089894196653,fR,nonA,1,S,N
UGC09537,222.11129087017,34.99795792441,8753.74612987393,cQ,nonA,1,S,Y
UGC09539,222.274892002629,22.1983063426909,6356.041332005091,cQ,nonA,3,S,N
UGC09542,222.254829112408,42.4639939273251,5500.607030797715,SF,nonA,1,S,Y
UGC09598,223.787839723768,43.8186649949433,5597.625502854036,cQ,nonA,1,S,Y
UGC09629,224.296916184037,52.3461914732533,7808.124194496477,MX,nonA,3,S,N
UGC09665,225.38528240689,48.3198359723627,2533.786617331368,SF,nonA,1,S,Y
UGC09708,226.634978394376,9.44963257005537,8367.617842758358,SF,nonA,1,S,Y
UGC09711,226.652595200425,9.43860758061464,8383.200441064564,MX,sAGN,1,U,N
UGC09759,227.671068116707,55.3497388957328,3349.531427990963,MX,nonA,2,S,Y
UGC09777,228.562948119762,20.4784953223005,4676.517280218133,SF,nonA,1,S,Y
UGC09842,231.274025560086,37.9601103512373,8926.965408749664,SF,nonA,1,S,N
UGC09868,232.310986448057,52.8639459812274,21946.00498711707,MX,nonA,1,S,N
UGC09873,232.460932320123,42.6289315336392,5656.397134595199,SF,nonA,1,S,Y
UGC09892,233.216455210905,41.19158875991,5688.464723384899,SF,nonA,1,S,Y
UGC09901,233.612286202962,12.2704575004798,3118.376380214582,SF,nonA,1,S,Y
UGC09919,233.914973506054,12.6062589930754,3198.860159459086,SF,nonA,1,S,Y
UGC09937,234.345477460711,20.5498484487276,4371.576074224575,fR,nonA,2,S,N
UGC10042,237.238041207521,7.22219322911715,4052.884935427177,MX,nonA,2,S,Y
UGC10043,237.171999901308,21.8695338598767,2176.294259190725,SF,nonA,1,S,Y
UGC10063,237.785384567624,25.7229086608442,6419.1024321108025,cQ,nonA,2,S,Y
UGC10097,238.930256357293,47.8673207895791,5965.212804065367,nR,nonA,1,S,N
UGC10117,239.84951791877,21.603408434761,5428.175193922876,MX,nonA,3,S,N
UGC10123,239.761846322744,51.3045366288334,3711.108297274863,SF,nonA,1,S,Y
UGC10205,241.667454092236,30.0992408940032,6552.334549240653,nR,nonA,2,S,Y
UGC10257,242.781178650702,38.2512847017024,3792.577756743768,SF,nonA,1,S,Y
UGC10297,243.870170399735,18.9049501054031,2262.9662488203385,SF,nonA,1,S,Y
UGC10331,244.337372890384,59.3205872950579,4439.390809391231,SF,nonA,1,S,Y
UGC10337,244.868987148412,7.27885115659708,8815.680907962536,cQ,nonA,1,S,Y
UGC10380,246.457852025934,16.5761245159454,8779.406683933557,MX,nonA,2,S,Y
UGC10384,246.694318207476,11.5802107310924,4966.792405758682,SF,nonA,1,S,Y
UGC10388,246.762385423952,16.3822943190276,4619.776367864397,fR,nonA,2,S,Y
UGC10650,255.060936764285,23.1069090266896,2991.900393051335,SF,nonA,1,S,Y
UGC10693,256.220920451117,41.8655225842915,8379.690212866673,fR,nonA,1,S,N
UGC10695,256.273241066477,43.0431715260735,8269.619207458827,nR,nonA,1,S,N
UGC1071,22.4493508234485,-1.983674947186,262.4435473605313,MX,nonA,3,S,Y
UGC10710,256.718451048866,43.1221135179124,8350.622198087627,SF,nonA,2,S,Y
UGC10738,257.774154541127,5.85171681020354,6737.004875479316,MX,nonA,2,S,Y
UGC10796,259.198848593668,61.9200936487164,3067.630373752797,SF,nonA,1,S,Y
UGC10803,259.02160953157,73.4361167765339,1248.4663244359883,SF,nonA,1,S,N
UGC10811,259.682193110296,58.1351459510909,8655.216453031442,cQ,nonA,1,S,N
UGC10905,263.526644154258,25.3440514309407,7719.383579275687,nR,nonA,2,S,N
UGC10972,266.591161517985,26.5436019558798,4596.854547460002,cQ,nonA,1,S,Y
UGC11162,273.256261488035,29.6961255334015,4587.4417053605075,SF,nonA,1,S,Y
UGC11228,276.192918975548,41.4927380127039,5766.126400517236,nR,wAGN,1,U,N
UGC11262,277.648600444394,42.6926116636093,5560.6967714499115,SF,nonA,1,S,Y
UGC112866,329.642098815942,14.1222967729653,1649.2418471168635,SF,sAGN,1,U,N
UGC11415,287.767852615034,73.4268480038485,7483.309593307729,MX,nonA,2,S,N
UGC11649,313.865160784641,-1.22513920571551,3763.3448533880714,MX,nonA,1,S,Y
UGC11680NED01,316.922364411837,3.87133519774652,7747.460261508338,MX,sAGN,2,S,N
UGC11680NED02,316.940983742396,3.87790922699565,7850.753448208337,SF,nonA,2,S,N
UGC11694,317.966777319978,11.2761329282621,5048.473711433594,nR,wAGN,1,U,Y
UGC11717,319.647651120427,19.7187193132545,6287.186313390339,MX,sAGN,1,U,Y
UGC11723,320.07347452976,-1.68385941118439,4825.781675022188,SF,nonA,1,S,Y
UGC11740,321.559909589292,9.79815602295732,6344.919037305944,SF,nonA,1,S,Y
UGC11792,325.552937516271,5.61498832037254,4767.630541513078,SF,nonA,1,S,Y
UGC11922,332.225848021115,40.3477104246939,7272.614357977275,SF,nonA,1,S,Y
UGC11958,333.695302349761,13.8408953977225,7854.4953961260135,nR,nonA,1,U,N
UGC11975,334.332223180383,35.5712298871863,6319.432232682339,MX,nonA,1,S,Y
UGC11982,334.720583594416,-1.05855668818844,4663.424732355649,SF,nonA,1,S,Y
UGC12011,335.756030905222,30.9249185584131,6617.29377732391,SF,nonA,1,S,Y
UGC12054,337.385224598586,7.72606378700865,2046.300448844008,SF,nonA,1,S,Y
UGC12127,339.622614045078,35.3296880522788,8278.859351227833,nR,nonA,1,S,N
UGC12185,341.854549571618,31.3735214653208,6542.870318143594,cQ,nonA,1,S,Y
UGC12224,343.159795060781,6.09383844185651,3472.8645844839552,SF,nonA,1,S,Y
UGC12250,343.899561841972,12.7902775895226,7201.963131850518,cQ,nonA,1,U,Y
UGC12274,344.581650857871,26.0620439879734,7624.258705660581,nR,nonA,2,S,N
UGC12308,345.328351992226,14.3393964601637,2250.5852997048974,SF,nonA,1,S,Y
UGC12348,346.328404091209,0.189574298229044,7525.060469032463,MX,sAGN,2,S,Y
UGC12494,349.719088592845,6.87731526003965,4032.086370890326,SF,nonA,1,S,Y
UGC12494NOTES01,349.715191380173,6.89567113494782,4877.125010429516,nR,nonA,2,S,N
UGC12518,350.053080141446,7.93223334492575,3793.28165329861,nR,nonA,2,S,Y
UGC12519,350.011464784613,15.9526875933681,4357.841453271813,SF,nonA,1,S,Y
UGC12633,352.556909330045,15.7614372341587,4148.74338425904,MX,nonA,1,S,Y
UGC12653,353.124635931884,14.8168061316937,3830.5401658394644,SF,nonA,1,S,Y
UGC12688,353.858789323545,7.32215197977558,5298.9844445145945,SF,nonA,1,S,Y
UGC12723,354.850165927615,10.8499744101631,5497.538477799656,SF,nonA,1,S,Y
UGC12767,356.292462949401,7.04230708766013,5185.498277478766,QnR,nonA,1,S,Y
UGC12810,357.775959554195,1.05673062844174,8059.12712390173,SF,nonA,1,S,Y
UGC12816,357.961114927249,3.08272875552841,5302.116797880173,SF,nonA,1,S,Y
UGC12857,359.197929469126,1.35517381392555,2440.195879395385,SF,nonA,1,S,Y
UGC12864,359.349591742333,30.9921180745341,4637.905167316825,SF,nonA,1,S,Y
UGC2308,42.5508811162457,47.0546053536213,8188.9069565218815,SF,wAGN,1,U,Y
UGC2698,50.5120180863818,40.8639539386124,6370.244799741535,nR,nonA,2,S,N
UGC2836,55.9871046132311,39.2951719839381,5033.655887464471,SF,nonA,1,S,N
UGC2912,59.8888854189343,42.6166290306651,5405.860392224856,MX,nonA,2,S,N
UGC2931,60.5770616970571,25.8168695685234,5726.616156015958,SF,nonA,1,S,Y
UGC3236,75.888196479707,6.65730238615967,8478.08980394792,SF,nonA,1,S,Y
UGC3312,82.1683666967057,22.1138009535938,6703.512451770871,MX,nonA,2,S,Y
UGC3513,100.715996467717,41.421401502086,7236.903486778467,SF,nonA,1,S,Y
UGC3843,111.431998156408,20.1028462457358,5227.260423382966,SF,nonA,1,S,Y
UGC4310,124.315492366997,1.20637582889373,4239.644269395123,cQ,nonA,2,S,Y
UGC4423,127.72228702812,74.6875145420215,3437.159265589271,SF,nonA,1,S,N
UGC5392,150.399143947284,21.6076800267033,6101.89688842572,SF,nonA,1,S,Y
UGC5695,157.444881228749,13.0183379014098,2870.495066506803,SF,nonA,1,S,Y
UGC6182,167.012069816213,53.6165053049689,1101.8871541768237,SF,nonA,1,S,Y
UGC6320,169.571788783116,18.8472266884313,1037.5950919444367,SF,nonA,1,S,Y
UGC6837,177.968398272345,18.5467191309119,5926.793927614846,SF,nonA,1,S,Y
UGC6930,179.322228361388,49.2834243217989,704.1447658579247,SF,nonA,1,S,N
UGC8255,197.735336727316,11.4774614824669,3289.8433385480976,SF,nonA,1,S,Y
UGC8255-2,197.735249310086,11.4774826283511,3349.950620115708,SF,nonA,1,S,N
UGC8472,202.306799891661,11.2758669250574,6570.6890010875695,MX,nonA,3,S,N
UGC8688,205.876254475477,43.4631996596917,1337.260735990735,SF,nonA,1,S,N
UGC8856A,209.041915814463,30.0975792909415,9209.614955799763,MX,nonA,2,U,N
UGC8909,209.657876509595,60.796857983258,1593.9098777561005,cQ,nonA,2,S,Y
UGC9562,222.810085722002,35.5422270616952,1223.6063958343418,SF,nonA,1,S,Y
UGC9661,225.514653180435,1.84133543625316,1196.7401339097921,SF,nonA,1,S,Y
UGC9663,225.30779777546,52.5970295795874,2575.4578377377948,SF,nonA,1,S,N
UGC9837,230.965296934125,58.0530581218368,2696.9508067859265,SF,nonA,1,S,N
UGCA021,27.2928286941177,-10.0612274335573,2008.5241533835454,SF,nonA,1,S,Y
VIIZw466a,188.040307060452,66.4036266676499,14533.967549451225,SF,nonA,2,S,N
VIIZw700,258.847270572132,57.4326373482273,9627.186950837686,nR,nonA,2,S,N
VV488NED02,344.211746461587,-8.96766357179254,4896.439811909025,SF,nonA,1,S,Y
iPTF13dkl,356.240063827902,3.39396995109397,15416.258335865334,SF,nonA,1,S,N
iPTF13dkx,20.2189827576904,3.33979772946744,10017.847787857243,SF,nonA,1,S,N
iPTF13ebh,35.5037348277906,33.2660704600706,3952.3746645896504,fR,nonA,1,S,N
iPTF13ez,182.462977305149,19.787991585522,12958.854395927645,SF,nonA,1,S,N
iPTF14gnl,5.95114745809825,-3.85547438579363,15925.949422618205,SF,nonA,1,S,N
sky,187.705618585723,12.3912347265067,1261.110103073732,nR,nonA,1,S,N
sn2001bf,270.390145841219,26.2528897689419,4606.029253354199,MX,nonA,2,S,N
sn2002eb,334.775794296555,24.5981396536536,8302.44473051119,SF,sAGN,1,S,N
sn2003gt,308.244979639857,9.87463496768396,4428.026128680162,MX,nonA,2,S,Y
sn2004dt,30.5513668984317,-0.100541480431175,5776.917404049127,nR,wAGN,1,U,Y
sn2005A,37.6779188541591,-2.93887819459297,5688.418613023175,cQ,nonA,1,S,Y
sn2006gj,49.3936885978551,-1.69508027457184,8387.933033551051,nR,nonA,1,S,N
sn2008gl,20.2227738592381,4.80143505824932,10179.3120851598,nR,nonA,1,S,N
sn2008gt,341.185099653577,-3.14926389550093,9859.889841487513,nR,nonA,1,S,N
